,0.70,0.70,0.70,0.70,0.70,0.70,0.70,0.70,0.70,0.70,0.70,0.70,0.70,0.70,0.70,0.70
,0.72,0.72,0.72,0.72,0.72,0.72,0.72,0.72,0.72,0.72,0.72,0.72,0.72,0.72,0.72,0.72
,0.74,0.74,0.74,0.74,0.74,0.74,0.74,0.74,0.74,0.74,0.74,0.74,0.74,0.74,0.74,0.74
,0.75,0.75,0.75,0.75,0.75,0.75,0.75,0.75,0.75,0.75,0.75,0.75,0.75,0.75,0.75,0.75
,0.76,0.76,0.76,0.76,0.76,0.76,0.76,0.76,0.76,0.76,0.76,0.76,0.76,0.76,0.76,0.76
,0.77,0.77,0.77,0.77,0.77,0.77,0.77,0.77,0.77,0.77,0.77,0.77,0.77,0.77,0.77,0.77
,0.78,0.78,0.78,0.78,0.78,0.78,0.78,0.78,0.78,0.78,0.78,0.78,0.78,0.78,0.78,0.78
,0.79,0.79,0.79,0.79,0.79,0.79,0.79,0.79,0.79,0.79,0.79,0.79,0.79,0.79,0.79,0.79
,0.80,0.80,0.80,0.80,0.80,0.80,0.80,0.80,0.80,0.80,0.80,0.80,0.80,0.80,0.80,0.80
,0.82,0.82,0.82,0.82,0.82,0.82,0.82,0.82,0.82,0.82,0.82,0.82,0.82,0.82,0.82,0.82
,0.84,0.84,0.84,0.84,0.84,0.84,0.84,0.84,0.84,0.84,0.84,0.84,0.84,0.84,0.84,0.84
,0.86,0.86,0.86,0.86,0.86,0.86,0.86,0.86,0.86,0.86,0.86,0.86,0.86,0.86,0.86,0.86
,0.87,0.87,0.87,0.87,0.87,0.87,0.87,0.87,0.87,0.87,0.87,0.87,0.87,0.87,0.87,0.87
,0.89,0.89,0.89,0.89,0.89,0.89,0.89,0.89,0.89,0.89,0.89,0.89,0.89,0.89,0.89,0.89
,0.91,0.91,0.91,0.91,0.91,0.91,0.91,0.91,0.91,0.91,0.91,0.91,0.91,0.91,0.91,0.91
,0.94,0.94,0.94,0.94,0.94,0.94,0.94,0.94,0.94,0.94,0.94,0.94,0.94,0.94,0.94,0.94
,0.97,0.97,0.97,0.97,0.97,0.97,0.97,0.97,0.97,0.97,0.97,0.97,0.97,0.97,0.97,0.97
,1.00,1.00,1.00,1.00,1.00,1.00,1.00,1.00,1.00,1.00,1.00,1.00,1.00,1.00,1.00,1.00
,1.03,1.03,1.03,1.03,1.03,1.03,1.03,1.03,1.03,1.03,1.03,1.03,1.03,1.03,1.03,1.03
,1.05,1.05,1.05,1.05,1.05,1.05,1.05,1.05,1.05,1.05,1.05,1.05,1.05,1.05,1.05,1.05
,1.08,1.08,1.08,1.08,1.08,1.08,1.08,1.08,1.08,1.08,1.08,1.08,1.08,1.08,1.08,1.08
,1.11,1.11,1.11,1.11,1.11,1.11,1.11,1.11,1.11,1.11,1.11,1.11,1.11,1.11,1.11,1.11
,1.14,1.14,1.14,1.14,1.14,1.14,1.14,1.14,1.14,1.14,1.14,1.14,1.14,1.14,1.14,1.14
,1.17,1.17,1.17,1.17,1.17,1.17,1.17,1.17,1.17,1.17,1.17,1.17,1.17,1.17,1.17,1.17
,1.19,1.19,1.19,1.19,1.19,1.19,1.19,1.19,1.19,1.19,1.19,1.19,1.19,1.19,1.19,1.19
,1.22,1.22,1.22,1.22,1.22,1.22,1.22,1.22,1.22,1.22,1.22,1.22,1.22,1.22,1.22,1.22
,1.25,1.25,1.25,1.25,1.25,1.25,1.25,1.25,1.25,1.25,1.25,1.25,1.25,1.25,1.25,1.25
,1.27,1.27,1.27,1.27,1.27,1.27,1.27,1.27,1.27,1.27,1.27,1.27,1.27,1.27,1.27,1.27
,1.30,1.30,1.30,1.30,1.30,1.30,1.30,1.30,1.30,1.30,1.30,1.30,1.30,1.30,1.30,1.30
,1.33,1.33,1.33,1.33,1.33,1.33,1.33,1.33,1.33,1.33,1.33,1.33,1.33,1.33,1.33,1.33
,1.35,1.35,1.35,1.35,1.35,1.35,1.35,1.35,1.35,1.35,1.35,1.35,1.35,1.35,1.35,1.35
,1.38,1.38,1.38,1.38,1.38,1.38,1.38,1.38,1.38,1.38,1.38,1.38,1.38,1.38,1.38,1.38
,1.40,1.40,1.40,1.40,1.40,1.40,1.40,1.40,1.40,1.40,1.40,1.40,1.40,1.40,1.40,1.40
,1.42,1.42,1.42,1.42,1.42,1.42,1.42,1.42,1.42,1.42,1.42,1.42,1.42,1.42,1.42,1.42
,1.45,1.45,1.45,1.45,1.45,1.45,1.45,1.45,1.45,1.45,1.45,1.45,1.45,1.45,1.45,1.45
,1.47,1.47,1.47,1.47,1.47,1.47,1.47,1.47,1.47,1.47,1.47,1.47,1.47,1.47,1.47,1.47
,1.49,1.49,1.49,1.49,1.49,1.49,1.49,1.49,1.49,1.49,1.49,1.49,1.49,1.49,1.49,1.49
,1.52,1.52,1.52,1.52,1.52,1.52,1.52,1.52,1.52,1.52,1.52,1.52,1.52,1.52,1.52,1.52
,1.54,1.54,1.54,1.54,1.54,1.54,1.54,1.54,1.54,1.54,1.54,1.54,1.54,1.54,1.54,1.54
,1.56,1.56,1.56,1.56,1.56,1.56,1.56,1.56,1.56,1.56,1.56,1.56,1.56,1.56,1.56,1.56
,1.58,1.58,1.58,1.58,1.58,1.58,1.58,1.58,1.58,1.58,1.58,1.58,1.58,1.58,1.58,1.58
,1.60,1.60,1.60,1.60,1.60,1.60,1.60,1.60,1.60,1.60,1.60,1.60,1.60,1.60,1.60,1.60
,1.62,1.62,1.62,1.62,1.62,1.62,1.62,1.62,1.62,1.62,1.62,1.62,1.62,1.62,1.62,1.62
,1.64,1.64,1.64,1.64,1.64,1.64,1.64,1.64,1.64,1.64,1.64,1.64,1.64,1.64,1.64,1.64
,1.65,1.65,1.65,1.65,1.65,1.65,1.65,1.65,1.65,1.65,1.65,1.65,1.65,1.65,1.65,1.65
,1.67,1.67,1.67,1.67,1.67,1.67,1.67,1.67,1.67,1.67,1.67,1.67,1.67,1.67,1.67,1.67
,1.69,1.69,1.69,1.69,1.69,1.69,1.69,1.69,1.69,1.69,1.69,1.69,1.69,1.69,1.69,1.69
,1.70,1.70,1.70,1.70,1.70,1.70,1.70,1.70,1.70,1.70,1.70,1.70,1.70,1.70,1.70,1.70
,1.72,1.72,1.72,1.72,1.72,1.72,1.72,1.72,1.72,1.72,1.72,1.72,1.72,1.72,1.72,1.72
,1.73,1.73,1.73,1.73,1.73,1.73,1.73,1.73,1.73,1.73,1.73,1.73,1.73,1.73,1.73,1.73
,1.75,1.75,1.75,1.75,1.75,1.75,1.75,1.75,1.75,1.75,1.75,1.75,1.75,1.75,1.75,1.75
,1.76,1.76,1.76,1.76,1.76,1.76,1.76,1.76,1.76,1.76,1.76,1.76,1.76,1.76,1.76,1.76
,1.77,1.77,1.77,1.77,1.77,1.77,1.77,1.77,1.77,1.77,1.77,1.77,1.77,1.77,1.77,1.77
,1.79,1.79,1.79,1.79,1.79,1.79,1.79,1.79,1.79,1.79,1.79,1.79,1.79,1.79,1.79,1.79
,1.80,1.80,1.80,1.80,1.80,1.80,1.80,1.80,1.80,1.80,1.80,1.80,1.80,1.80,1.80,1.80
,1.81,1.81,1.81,1.81,1.81,1.81,1.81,1.81,1.81,1.81,1.81,1.81,1.81,1.81,1.81,1.81
,1.82,1.82,1.82,1.82,1.82,1.82,1.82,1.82,1.82,1.82,1.82,1.82,1.82,1.82,1.82,1.82
,1.83,1.83,1.83,1.83,1.83,1.83,1.83,1.83,1.83,1.83,1.83,1.83,1.83,1.83,1.83,1.83
,1.84,1.84,1.84,1.84,1.84,1.84,1.84,1.84,1.84,1.84,1.84,1.84,1.84,1.84,1.84,1.84
,1.86,1.86,1.86,1.86,1.86,1.86,1.86,1.86,1.86,1.86,1.86,1.86,1.86,1.86,1.85,1.85
,1.87,1.87,1.87,1.87,1.87,1.87,1.87,1.87,1.87,1.87,1.87,1.87,1.87,1.87,1.86,1.86
,1.88,1.88,1.88,1.88,1.88,1.88,1.88,1.88,1.88,1.88,1.88,1.88,1.88,1.88,1.87,1.87
,1.89,1.89,1.89,1.89,1.89,1.89,1.89,1.89,1.89,1.89,1.89,1.89,1.89,1.89,1.88,1.88
,1.89,1.89,1.89,1.89,1.89,1.89,1.89,1.89,1.89,1.89,1.89,1.89,1.89,1.89,1.89,1.89
,1.90,1.90,1.90,1.90,1.90,1.90,1.90,1.90,1.90,1.90,1.90,1.90,1.90,1.90,1.90,1.90
,1.91,1.91,1.91,1.91,1.91,1.91,1.91,1.91,1.91,1.91,1.91,1.91,1.91,1.91,1.91,1.91
,1.92,1.92,1.92,1.92,1.92,1.92,1.92,1.92,1.92,1.92,1.92,1.92,1.92,1.92,1.92,1.92
,1.93,1.93,1.93,1.93,1.93,1.93,1.93,1.93,1.93,1.93,1.93,1.93,1.93,1.93,1.93,1.92
,1.94,1.94,1.94,1.94,1.94,1.94,1.94,1.94,1.94,1.94,1.94,1.94,1.94,1.94,1.93,1.93
,1.94,1.94,1.94,1.94,1.94,1.94,1.94,1.94,1.94,1.94,1.94,1.94,1.94,1.94,1.94,1.94
,1.95,1.95,1.95,1.95,1.95,1.95,1.95,1.95,1.95,1.95,1.95,1.95,1.95,1.95,1.95,1.94
,1.96,1.96,1.96,1.96,1.96,1.96,1.96,1.96,1.96,1.96,1.96,1.96,1.96,1.96,1.95,1.95
,1.96,1.96,1.96,1.96,1.96,1.96,1.96,1.96,1.96,1.96,1.96,1.96,1.96,1.96,1.96,1.96
,1.97,1.97,1.97,1.97,1.97,1.97,1.97,1.97,1.97,1.97,1.97,1.97,1.97,1.97,1.97,1.96
,1.97,1.97,1.97,1.97,1.97,1.97,1.97,1.97,1.97,1.97,1.97,1.97,1.97,1.97,1.97,1.97
,1.98,1.98,1.98,1.98,1.98,1.98,1.98,1.98,1.98,1.98,1.98,1.98,1.98,1.98,1.98,1.97
,1.98,1.98,1.98,1.98,1.98,1.98,1.98,1.98,1.98,1.98,1.98,1.98,1.98,1.98,1.98,1.98
,1.99,1.99,1.99,1.99,1.99,1.99,1.99,1.99,1.99,1.99,1.99,1.99,1.99,1.99,1.98,1.98
,1.99,1.99,1.99,1.99,1.99,1.99,1.99,1.99,1.99,1.99,1.99,1.99,1.99,1.99,1.99,1.98
,2.00,2.00,2.00,2.00,2.00,2.00,2.00,2.00,2.00,2.00,2.00,2.00,2.00,2.00,1.99,1.99
,2.00,2.00,2.00,2.00,2.00,2.00,2.00,2.00,2.00,2.00,2.00,2.00,2.00,2.00,2.00,1.99
,2.00,2.00,2.00,2.00,2.00,2.00,2.00,2.00,2.00,2.00,2.00,2.00,2.00,2.00,2.00,1.99
,2.01,2.01,2.01,2.01,2.01,2.01,2.01,2.01,2.01,2.01,2.01,2.01,2.01,2.01,2.00,1.99
,2.01,2.01,2.01,2.01,2.01,2.01,2.01,2.01,2.01,2.01,2.01,2.01,2.01,2.01,2.00,2.00
,2.01,2.01,2.01,2.01,2.01,2.01,2.01,2.01,2.01,2.01,2.01,2.01,2.01,2.01,2.00,2.00
,2.01,2.01,2.01,2.01,2.01,2.01,2.01,2.01,2.01,2.01,2.01,2.01,2.01,2.01,2.01,2.00
,2.01,2.01,2.01,2.01,2.01,2.01,2.01,2.01,2.01,2.01,2.01,2.01,2.01,2.01,2.01,2.00
,2.02,2.02,2.02,2.02,2.02,2.02,2.02,2.02,2.02,2.02,2.02,2.02,2.02,2.01,2.01,2.00
,2.02,2.02,2.02,2.02,2.02,2.02,2.02,2.02,2.02,2.02,2.02,2.02,2.02,2.02,2.01,2.00
,2.02,2.02,2.02,2.02,2.02,2.02,2.02,2.02,2.02,2.02,2.02,2.02,2.02,2.02,2.01,2.00
,2.02,2.02,2.02,2.02,2.02,2.02,2.02,2.02,2.02,2.02,2.02,2.02,2.02,2.02,2.01,2.00
,2.02,2.02,2.02,2.02,2.02,2.02,2.02,2.02,2.02,2.02,2.02,2.02,2.02,2.02,2.01,2.00
,2.02,2.02,2.02,2.02,2.02,2.02,2.02,2.02,2.02,2.02,2.02,2.02,2.02,2.02,2.01,2.00
,2.02,2.02,2.02,2.02,2.02,2.02,2.02,2.02,2.02,2.02,2.02,2.02,2.02,2.02,2.01,2.00
,2.02,2.02,2.02,2.02,2.02,2.02,2.02,2.02,2.02,2.02,2.02,2.02,2.02,2.02,2.01,2.00
,2.02,2.02,2.02,2.02,2.02,2.02,2.02,2.02,2.02,2.02,2.02,2.02,2.02,2.02,2.01,2.00
,2.02,2.02,2.02,2.02,2.02,2.02,2.02,2.02,2.02,2.02,2.02,2.02,2.02,2.02,2.00,2.00
,2.02,2.02,2.02,2.02,2.02,2.02,2.02,2.02,2.02,2.02,2.02,2.02,2.02,2.02,2.00,2.00
,2.02,2.02,2.02,2.02,2.02,2.02,2.02,2.02,2.02,2.02,2.02,2.02,2.02,2.02,2.00,2.00
,2.02,2.02,2.02,2.02,2.02,2.02,2.02,2.02,2.02,2.02,2.02,2.02,2.02,2.02,2.00,2.00
,2.02,2.02,2.02,2.02,2.02,2.02,2.02,2.02,2.02,2.02,2.02,2.02,2.02,2.02,2.00,2.00
,2.02,2.02,2.02,2.02,2.02,2.02,2.02,2.02,2.02,2.02,2.02,2.02,2.02,2.01,2.00,2.00
,2.02,2.02,2.02,2.02,2.02,2.02,2.02,2.02,2.02,2.02,2.02,2.02,2.02,2.01,2.00,2.00
,2.02,2.02,2.02,2.02,2.02,2.02,2.02,2.02,2.02,2.02,2.02,2.02,2.02,2.01,2.00,2.00
,2.01,2.01,2.01,2.01,2.01,2.01,2.01,2.01,2.01,2.01,2.01,2.01,2.01,2.01,2.00,2.00
,2.01,2.01,2.01,2.01,2.01,2.01,2.01,2.01,2.01,2.01,2.01,2.01,2.01,2.01,2.00,2.00
,2.01,2.01,2.01,2.01,2.01,2.01,2.01,2.01,2.01,2.01,2.01,2.01,2.01,2.01,1.99,2.00
,2.01,2.01,2.01,2.01,2.01,2.01,2.01,2.01,2.01,2.01,2.01,2.01,2.01,2.01,1.99,2.00
,2.01,2.01,2.01,2.01,2.01,2.01,2.01,2.01,2.01,2.01,2.01,2.01,2.01,2.00,1.99,1.99
,2.01,2.01,2.01,2.01,2.01,2.01,2.01,2.01,2.01,2.01,2.01,2.01,2.01,2.00,1.99,1.99
,2.00,2.00,2.00,2.00,2.00,2.00,2.00,2.00,2.00,2.00,2.00,2.00,2.00,2.00,1.99,1.99
,2.00,2.00,2.00,2.00,2.00,2.00,2.00,2.00,2.00,2.00,2.00,2.00,2.00,2.00,1.99,1.99
,2.00,2.00,2.00,2.00,2.00,2.00,2.00,2.00,2.00,2.00,2.00,2.00,2.00,2.00,1.99,1.99
,2.00,2.00,2.00,2.00,2.00,2.00,2.00,2.00,2.00,2.00,2.00,2.00,2.00,1.99,1.99,1.99
,2.00,2.00,2.00,2.00,2.00,2.00,2.00,2.00,2.00,2.00,2.00,2.00,2.00,1.99,1.98,1.99
,1.99,1.99,1.99,1.99,1.99,1.99,1.99,1.99,1.99,1.99,1.99,1.99,1.99,1.99,1.98,1.98
,1.99,1.99,1.99,1.99,1.99,1.99,1.99,1.99,1.99,1.99,1.99,1.99,1.99,1.99,1.98,1.98
,1.99,1.99,1.99,1.99,1.99,1.99,1.99,1.99,1.99,1.99,1.99,1.99,1.99,1.99,1.98,1.98
,1.99,1.99,1.99,1.99,1.99,1.99,1.99,1.99,1.99,1.99,1.99,1.99,1.99,1.98,1.98,1.98
,1.98,1.98,1.98,1.98,1.98,1.98,1.98,1.98,1.98,1.98,1.98,1.98,1.98,1.98,1.97,1.98
,1.98,1.98,1.98,1.98,1.98,1.98,1.98,1.98,1.98,1.98,1.98,1.98,1.98,1.98,1.97,1.97
,1.98,1.98,1.98,1.98,1.98,1.98,1.98,1.98,1.98,1.98,1.98,1.98,1.98,1.98,1.97,1.97
,1.98,1.98,1.98,1.98,1.98,1.98,1.98,1.98,1.98,1.98,1.98,1.98,1.98,1.97,1.97,1.97
,1.97,1.97,1.97,1.97,1.97,1.97,1.97,1.97,1.97,1.97,1.97,1.97,1.97,1.97,1.97,1.97
,1.97,1.97,1.97,1.97,1.97,1.97,1.97,1.97,1.97,1.97,1.97,1.97,1.97,1.97,1.96,1.96
,1.97,1.97,1.97,1.97,1.97,1.97,1.97,1.97,1.97,1.97,1.97,1.97,1.97,1.97,1.96,1.96
,1.97,1.97,1.97,1.97,1.97,1.97,1.97,1.97,1.97,1.97,1.97,1.97,1.97,1.96,1.96,1.96
,1.96,1.96,1.96,1.96,1.96,1.96,1.96,1.96,1.96,1.96,1.96,1.96,1.96,1.96,1.96,1.96
,1.96,1.96,1.96,1.96,1.96,1.96,1.96,1.96,1.96,1.96,1.96,1.96,1.96,1.96,1.95,1.95
,1.96,1.96,1.96,1.96,1.96,1.96,1.96,1.96,1.96,1.96,1.96,1.96,1.96,1.95,1.95,1.95
,1.95,1.95,1.95,1.95,1.95,1.95,1.95,1.95,1.95,1.95,1.95,1.95,1.95,1.95,1.95,1.95
,1.95,1.95,1.95,1.95,1.95,1.95,1.95,1.95,1.95,1.95,1.95,1.95,1.95,1.95,1.95,1.95
,1.95,1.95,1.95,1.95,1.95,1.95,1.95,1.95,1.95,1.95,1.95,1.95,1.95,1.95,1.94,1.94
,1.95,1.95,1.95,1.95,1.95,1.95,1.95,1.95,1.95,1.95,1.95,1.95,1.95,1.94,1.94,1.94
,1.94,1.94,1.94,1.94,1.94,1.94,1.94,1.94,1.94,1.94,1.94,1.94,1.94,1.94,1.94,1.94
,1.94,1.94,1.94,1.94,1.94,1.94,1.94,1.94,1.94,1.94,1.94,1.94,1.94,1.94,1.93,1.94
,1.94,1.94,1.94,1.94,1.94,1.94,1.94,1.94,1.94,1.94,1.94,1.94,1.94,1.94,1.93,1.93
,1.93,1.93,1.93,1.93,1.93,1.93,1.93,1.93,1.93,1.93,1.93,1.93,1.93,1.93,1.93,1.93
,1.93,1.93,1.93,1.93,1.93,1.93,1.93,1.93,1.93,1.93,1.93,1.93,1.93,1.93,1.93,1.93
,1.93,1.93,1.93,1.93,1.93,1.93,1.93,1.93,1.93,1.93,1.93,1.93,1.93,1.93,1.92,1.92
,1.93,1.93,1.93,1.93,1.93,1.93,1.93,1.93,1.93,1.93,1.93,1.93,1.93,1.92,1.92,1.92
,1.92,1.92,1.92,1.92,1.92,1.92,1.92,1.92,1.92,1.92,1.92,1.92,1.92,1.92,1.92,1.92
,1.92,1.92,1.92,1.92,1.92,1.92,1.92,1.92,1.92,1.92,1.92,1.92,1.92,1.92,1.92,1.92
,1.92,1.92,1.92,1.92,1.92,1.92,1.92,1.92,1.92,1.92,1.92,1.92,1.92,1.92,1.91,1.91
,1.91,1.91,1.91,1.91,1.91,1.91,1.91,1.91,1.91,1.91,1.91,1.91,1.91,1.91,1.91,1.91
,1.91,1.91,1.91,1.91,1.91,1.91,1.91,1.91,1.91,1.91,1.91,1.91,1.91,1.91,1.91,1.91
,1.91,1.91,1.91,1.91,1.91,1.91,1.91,1.91,1.91,1.91,1.91,1.91,1.91,1.91,1.90,1.90
,1.90,1.90,1.90,1.90,1.90,1.90,1.90,1.90,1.90,1.90,1.90,1.90,1.90,1.90,1.90,1.90
,1.90,1.90,1.90,1.90,1.90,1.90,1.90,1.90,1.90,1.90,1.90,1.90,1.90,1.90,1.90,1.90
,1.90,1.90,1.90,1.90,1.90,1.90,1.90,1.90,1.90,1.90,1.90,1.90,1.90,1.90,1.90,1.90
,1.90,1.90,1.90,1.90,1.90,1.90,1.90,1.90,1.90,1.90,1.90,1.90,1.90,1.89,1.89,1.89
,1.89,1.89,1.89,1.89,1.89,1.89,1.89,1.89,1.89,1.89,1.89,1.89,1.89,1.89,1.89,1.89
,1.89,1.89,1.89,1.89,1.89,1.89,1.89,1.89,1.89,1.89,1.89,1.89,1.89,1.89,1.89,1.89
,1.89,1.89,1.89,1.89,1.89,1.89,1.89,1.89,1.89,1.89,1.89,1.89,1.89,1.89,1.88,1.88
,1.88,1.88,1.88,1.88,1.88,1.88,1.88,1.88,1.88,1.88,1.88,1.88,1.88,1.88,1.88,1.88
,1.88,1.88,1.88,1.88,1.88,1.88,1.88,1.88,1.88,1.88,1.88,1.88,1.88,1.88,1.88,1.88
,1.88,1.88,1.88,1.88,1.88,1.88,1.88,1.88,1.88,1.88,1.88,1.88,1.88,1.88,1.88,1.88
,1.87,1.87,1.87,1.87,1.87,1.87,1.87,1.87,1.87,1.87,1.87,1.87,1.87,1.87,1.87,1.87
,1.87,1.87,1.87,1.87,1.87,1.87,1.87,1.87,1.87,1.87,1.87,1.87,1.87,1.87,1.87,1.87
,1.87,1.87,1.87,1.87,1.87,1.87,1.87,1.87,1.87,1.87,1.87,1.87,1.87,1.87,1.87,1.87
,1.87,1.87,1.87,1.87,1.87,1.87,1.87,1.87,1.87,1.87,1.87,1.87,1.87,1.87,1.86,1.86
,1.86,1.86,1.86,1.86,1.86,1.86,1.86,1.86,1.86,1.86,1.86,1.86,1.86,1.86,1.86,1.86
,1.86,1.86,1.86,1.86,1.86,1.86,1.86,1.86,1.86,1.86,1.86,1.86,1.86,1.86,1.86,1.86
,1.86,1.86,1.86,1.86,1.86,1.86,1.86,1.86,1.86,1.86,1.86,1.86,1.86,1.86,1.86,1.86
,1.85,1.85,1.85,1.85,1.85,1.85,1.85,1.85,1.85,1.85,1.85,1.85,1.85,1.85,1.85,1.85
,1.85,1.85,1.85,1.85,1.85,1.85,1.85,1.85,1.85,1.85,1.85,1.85,1.85,1.85,1.85,1.85
,1.85,1.85,1.85,1.85,1.85,1.85,1.85,1.85,1.85,1.85,1.85,1.85,1.85,1.85,1.85,1.85
,1.85,1.85,1.85,1.85,1.85,1.85,1.85,1.85,1.85,1.85,1.85,1.85,1.85,1.85,1.84,1.84
,1.84,1.84,1.84,1.84,1.84,1.84,1.84,1.84,1.84,1.84,1.84,1.84,1.84,1.84,1.84,1.84
,1.84,1.84,1.84,1.84,1.84,1.84,1.84,1.84,1.84,1.84,1.84,1.84,1.84,1.84,1.84,1.84
,1.84,1.84,1.84,1.84,1.84,1.84,1.84,1.84,1.84,1.84,1.84,1.84,1.84,1.84,1.84,1.84
,1.83,1.83,1.83,1.83,1.83,1.83,1.83,1.83,1.83,1.83,1.83,1.83,1.83,1.83,1.83,1.83
,1.83,1.83,1.83,1.83,1.83,1.83,1.83,1.83,1.83,1.83,1.83,1.83,1.83,1.83,1.83,1.83
,1.83,1.83,1.83,1.83,1.83,1.83,1.83,1.83,1.83,1.83,1.83,1.83,1.83,1.83,1.83,1.83
,1.83,1.83,1.83,1.83,1.83,1.83,1.83,1.83,1.83,1.83,1.83,1.83,1.83,1.83,1.82,1.82
,1.82,1.82,1.82,1.82,1.82,1.82,1.82,1.82,1.82,1.82,1.82,1.82,1.82,1.82,1.82,1.82
,1.82,1.82,1.82,1.82,1.82,1.82,1.82,1.82,1.82,1.82,1.82,1.82,1.82,1.82,1.82,1.82
,1.82,1.82,1.82,1.82,1.82,1.82,1.82,1.82,1.82,1.82,1.82,1.82,1.82,1.82,1.82,1.82
,1.81,1.81,1.81,1.81,1.81,1.81,1.81,1.81,1.81,1.81,1.81,1.81,1.81,1.81,1.81,1.81
,1.81,1.81,1.81,1.81,1.81,1.81,1.81,1.81,1.81,1.81,1.81,1.81,1.81,1.81,1.81,1.81
,1.81,1.81,1.81,1.81,1.81,1.81,1.81,1.81,1.81,1.81,1.81,1.81,1.81,1.81,1.81,1.81
,1.81,1.81,1.81,1.81,1.81,1.81,1.81,1.81,1.81,1.81,1.81,1.81,1.81,1.81,1.81,1.81
,1.80,1.80,1.80,1.80,1.80,1.80,1.80,1.80,1.80,1.80,1.80,1.80,1.80,1.80,1.80,1.80
,1.80,1.80,1.80,1.80,1.80,1.80,1.80,1.80,1.80,1.80,1.80,1.80,1.80,1.80,1.80,1.80
,1.80,1.80,1.80,1.80,1.80,1.80,1.80,1.80,1.80,1.80,1.80,1.80,1.80,1.80,1.80,1.80
,1.80,1.80,1.80,1.80,1.80,1.80,1.80,1.80,1.80,1.80,1.80,1.80,1.80,1.79,1.79,1.79
,1.79,1.79,1.79,1.79,1.79,1.79,1.79,1.79,1.79,1.79,1.79,1.79,1.79,1.79,1.79,1.79
,1.79,1.79,1.79,1.79,1.79,1.79,1.79,1.79,1.79,1.79,1.79,1.79,1.79,1.79,1.79,1.79
,1.79,1.79,1.79,1.79,1.79,1.79,1.79,1.79,1.79,1.79,1.79,1.79,1.79,1.79,1.79,1.79
,1.78,1.78,1.78,1.78,1.78,1.78,1.78,1.78,1.78,1.78,1.78,1.78,1.78,1.78,1.78,1.78
,1.78,1.78,1.78,1.78,1.78,1.78,1.78,1.78,1.78,1.78,1.78,1.78,1.78,1.78,1.78,1.78
,1.78,1.78,1.78,1.78,1.78,1.78,1.78,1.78,1.78,1.78,1.78,1.78,1.78,1.78,1.78,1.78
,1.78,1.78,1.78,1.78,1.78,1.78,1.78,1.78,1.78,1.78,1.78,1.78,1.78,1.78,1.77,1.77
,1.77,1.77,1.77,1.77,1.77,1.77,1.77,1.77,1.77,1.77,1.77,1.77,1.77,1.77,1.77,1.77
,1.77,1.77,1.77,1.77,1.77,1.77,1.77,1.77,1.77,1.77,1.77,1.77,1.77,1.77,1.77,1.77
,1.77,1.77,1.77,1.77,1.77,1.77,1.77,1.77,1.77,1.77,1.77,1.77,1.77,1.77,1.77,1.77
,1.76,1.76,1.76,1.76,1.76,1.76,1.76,1.76,1.76,1.76,1.76,1.76,1.76,1.76,1.76,1.76
,1.76,1.76,1.76,1.76,1.76,1.76,1.76,1.76,1.76,1.76,1.76,1.76,1.76,1.76,1.76,1.76
,1.76,1.76,1.76,1.76,1.76,1.76,1.76,1.76,1.76,1.76,1.76,1.76,1.76,1.76,1.76,1.76
,1.76,1.76,1.76,1.76,1.76,1.76,1.76,1.76,1.76,1.76,1.76,1.76,1.76,1.76,1.76,1.76
,1.75,1.75,1.75,1.75,1.75,1.75,1.75,1.75,1.75,1.75,1.75,1.75,1.75,1.75,1.75,1.75
,1.75,1.75,1.75,1.75,1.75,1.75,1.75,1.75,1.75,1.75,1.75,1.75,1.75,1.75,1.75,1.75
,1.75,1.75,1.75,1.75,1.75,1.75,1.75,1.75,1.75,1.75,1.75,1.75,1.75,1.75,1.75,1.75
,1.75,1.75,1.75,1.75,1.75,1.75,1.75,1.75,1.75,1.75,1.75,1.75,1.75,1.75,1.75,1.75
,1.75,1.75,1.75,1.75,1.75,1.75,1.75,1.75,1.75,1.75,1.75,1.75,1.75,1.75,1.75,1.75
,1.75,1.75,1.75,1.75,1.75,1.75,1.75,1.75,1.75,1.75,1.75,1.75,1.75,1.75,1.75,1.75
,1.75,1.75,1.75,1.75,1.75,1.75,1.75,1.75,1.75,1.75,1.75,1.75,1.75,1.75,1.75,1.75
,1.75,1.75,1.75,1.75,1.75,1.75,1.75,1.75,1.75,1.75,1.75,1.75,1.75,1.75,1.75,1.75
,1.75,1.75,1.75,1.75,1.75,1.75,1.75,1.75,1.75,1.75,1.75,1.75,1.75,1.75,1.75,1.75
,1.75,1.75,1.75,1.75,1.75,1.75,1.75,1.75,1.75,1.75,1.75,1.75,1.75,1.75,1.75,1.75
,1.75,1.75,1.75,1.75,1.75,1.75,1.75,1.75,1.75,1.75,1.75,1.75,1.75,1.75,1.75,1.75
,1.75,1.75,1.75,1.75,1.75,1.75,1.75,1.75,1.75,1.75,1.75,1.75,1.75,1.75,1.75,1.75
,1.75,1.75,1.75,1.75,1.75,1.75,1.75,1.75,1.75,1.75,1.75,1.75,1.75,1.75,1.75,1.75
,1.75,1.75,1.75,1.75,1.75,1.75,1.75,1.75,1.75,1.75,1.75,1.75,1.75,1.75,1.75,1.75
,1.75,1.75,1.75,1.75,1.75,1.75,1.75,1.75,1.75,1.75,1.75,1.75,1.75,1.75,1.75,1.75
,1.75,1.75,1.75,1.75,1.75,1.75,1.75,1.75,1.75,1.75,1.75,1.75,1.75,1.75,1.75,1.75
,1.75,1.75,1.75,1.75,1.75,1.75,1.75,1.75,1.75,1.75,1.75,1.75,1.75,1.75,1.75,1.75
,1.75,1.75,1.75,1.75,1.75,1.75,1.75,1.75,1.75,1.75,1.75,1.75,1.75,1.75,1.75,1.75
,1.75,1.75,1.75,1.75,1.75,1.75,1.75,1.75,1.75,1.75,1.75,1.75,1.75,1.75,1.75,1.75
,1.75,1.75,1.75,1.75,1.75,1.75,1.75,1.75,1.75,1.75,1.75,1.75,1.75,1.75,1.75,1.75
,1.75,1.75,1.75,1.75,1.75,1.75,1.75,1.75,1.75,1.75,1.75,1.75,1.75,1.75,1.75,1.75
,1.75,1.75,1.75,1.75,1.75,1.75,1.75,1.75,1.75,1.75,1.75,1.75,1.75,1.75,1.75,1.75
,1.75,1.75,1.75,1.75,1.75,1.75,1.75,1.75,1.75,1.75,1.75,1.75,1.75,1.75,1.75,1.75
,1.75,1.75,1.75,1.75,1.75,1.75,1.75,1.75,1.75,1.75,1.75,1.75,1.75,1.75,1.75,1.75
,1.75,1.75,1.75,1.75,1.75,1.75,1.75,1.75,1.75,1.75,1.75,1.75,1.75,1.75,1.75,1.75
,1.75,1.75,1.75,1.75,1.75,1.75,1.75,1.75,1.75,1.75,1.75,1.75,1.75,1.75,1.75,1.75
,1.75,1.75,1.75,1.75,1.75,1.75,1.75,1.75,1.75,1.75,1.75,1.75,1.75,1.75,1.75,1.75
,1.75,1.75,1.75,1.75,1.75,1.75,1.75,1.75,1.75,1.75,1.75,1.75,1.75,1.75,1.75,1.75
,1.75,1.75,1.75,1.75,1.75,1.75,1.75,1.75,1.75,1.75,1.75,1.75,1.75,1.75,1.75,1.75
,1.75,1.75,1.75,1.75,1.75,1.75,1.75,1.75,1.75,1.75,1.75,1.75,1.75,1.75,1.75,1.75
,1.76,1.76,1.76,1.76,1.76,1.76,1.76,1.76,1.76,1.76,1.76,1.76,1.76,1.76,1.75,1.75
,1.76,1.76,1.76,1.76,1.76,1.76,1.76,1.76,1.76,1.76,1.76,1.76,1.76,1.76,1.76,1.76
,1.76,1.76,1.76,1.76,1.76,1.76,1.76,1.76,1.76,1.76,1.76,1.76,1.76,1.76,1.76,1.76
,1.76,1.76,1.76,1.76,1.76,1.76,1.76,1.76,1.76,1.76,1.76,1.76,1.76,1.76,1.76,1.76
,1.76,1.76,1.76,1.76,1.76,1.76,1.76,1.76,1.76,1.76,1.76,1.76,1.76,1.76,1.76,1.76
,1.76,1.76,1.76,1.76,1.76,1.76,1.76,1.76,1.76,1.76,1.76,1.76,1.76,1.76,1.76,1.76
,1.76,1.76,1.76,1.76,1.76,1.76,1.76,1.76,1.76,1.76,1.76,1.76,1.76,1.76,1.76,1.76
,1.77,1.77,1.77,1.77,1.77,1.77,1.77,1.77,1.77,1.77,1.77,1.77,1.77,1.77,1.77,1.77
,1.77,1.77,1.77,1.77,1.77,1.77,1.77,1.77,1.77,1.77,1.77,1.77,1.77,1.77,1.77,1.77
,1.77,1.77,1.77,1.77,1.77,1.77,1.77,1.77,1.77,1.77,1.77,1.77,1.77,1.77,1.77,1.77
,1.77,1.77,1.77,1.77,1.77,1.77,1.77,1.77,1.77,1.77,1.77,1.77,1.77,1.77,1.77,1.77
,1.77,1.77,1.77,1.77,1.77,1.77,1.77,1.77,1.77,1.77,1.77,1.77,1.77,1.77,1.77,1.77
,1.77,1.77,1.77,1.77,1.77,1.77,1.77,1.77,1.77,1.77,1.77,1.77,1.77,1.77,1.77,1.77
,1.77,1.77,1.77,1.77,1.77,1.77,1.77,1.77,1.77,1.77,1.77,1.77,1.77,1.77,1.77,1.77
,1.77,1.77,1.77,1.77,1.77,1.77,1.77,1.77,1.77,1.77,1.77,1.77,1.77,1.77,1.77,1.77
,1.77,1.77,1.77,1.77,1.77,1.77,1.77,1.77,1.77,1.77,1.77,1.77,1.77,1.77,1.76,1.76
,1.76,1.76,1.76,1.76,1.76,1.76,1.76,1.76,1.76,1.76,1.76,1.76,1.76,1.76,1.76,1.76
,1.76,1.76,1.76,1.76,1.76,1.76,1.76,1.76,1.76,1.76,1.76,1.76,1.76,1.76,1.76,1.76
,1.76,1.76,1.76,1.76,1.76,1.76,1.76,1.76,1.76,1.76,1.76,1.76,1.76,1.76,1.76,1.76
,1.76,1.76,1.76,1.76,1.76,1.76,1.76,1.76,1.76,1.76,1.76,1.76,1.76,1.76,1.76,1.76
,1.76,1.76,1.76,1.76,1.76,1.76,1.76,1.76,1.76,1.76,1.76,1.76,1.76,1.76,1.76,1.76
,1.75,1.75,1.75,1.75,1.75,1.75,1.75,1.75,1.75,1.75,1.75,1.75,1.75,1.75,1.75,1.75
,1.75,1.75,1.75,1.75,1.75,1.75,1.75,1.75,1.75,1.75,1.75,1.75,1.75,1.75,1.75,1.75
,1.75,1.75,1.75,1.75,1.75,1.75,1.75,1.75,1.75,1.75,1.75,1.75,1.75,1.75,1.75,1.75
,1.75,1.75,1.75,1.75,1.75,1.75,1.75,1.75,1.75,1.75,1.75,1.75,1.75,1.75,1.75,1.75
,1.75,1.75,1.75,1.75,1.75,1.75,1.75,1.75,1.75,1.75,1.75,1.75,1.75,1.75,1.75,1.75
,1.74,1.74,1.74,1.74,1.74,1.74,1.74,1.74,1.74,1.74,1.74,1.74,1.74,1.74,1.74,1.74
,1.74,1.74,1.74,1.74,1.74,1.74,1.74,1.74,1.74,1.74,1.74,1.74,1.74,1.74,1.74,1.74
,1.74,1.74,1.74,1.74,1.74,1.74,1.74,1.74,1.74,1.74,1.74,1.74,1.74,1.74,1.74,1.74
,1.74,1.74,1.74,1.74,1.74,1.74,1.74,1.74,1.74,1.74,1.74,1.74,1.74,1.74,1.74,1.74
,1.73,1.73,1.73,1.73,1.73,1.73,1.73,1.73,1.73,1.73,1.73,1.73,1.73,1.73,1.73,1.73
,1.73,1.73,1.73,1.73,1.73,1.73,1.73,1.73,1.73,1.73,1.73,1.73,1.73,1.73,1.73,1.73
,1.73,1.73,1.73,1.73,1.73,1.73,1.73,1.73,1.73,1.73,1.73,1.73,1.73,1.73,1.73,1.73
,1.73,1.73,1.73,1.73,1.73,1.73,1.73,1.73,1.73,1.73,1.73,1.73,1.73,1.73,1.73,1.73
,1.72,1.72,1.72,1.72,1.72,1.72,1.72,1.72,1.72,1.72,1.72,1.72,1.72,1.72,1.72,1.72
,1.72,1.72,1.72,1.72,1.72,1.72,1.72,1.72,1.72,1.72,1.72,1.72,1.72,1.72,1.72,1.72
,1.72,1.72,1.72,1.72,1.72,1.72,1.72,1.72,1.72,1.72,1.72,1.72,1.72,1.72,1.72,1.72
,1.71,1.71,1.71,1.71,1.71,1.71,1.71,1.71,1.71,1.71,1.71,1.71,1.71,1.71,1.71,1.71
,1.71,1.71,1.71,1.71,1.71,1.71,1.71,1.71,1.71,1.71,1.71,1.71,1.71,1.71,1.71,1.71
,1.70,1.70,1.70,1.70,1.70,1.70,1.70,1.70,1.70,1.70,1.70,1.70,1.70,1.70,1.70,1.70
,1.70,1.70,1.70,1.70,1.70,1.70,1.70,1.70,1.70,1.70,1.70,1.70,1.70,1.70,1.70,1.70
,1.69,1.69,1.69,1.69,1.69,1.69,1.69,1.69,1.69,1.69,1.69,1.69,1.69,1.69,1.69,1.69
,1.68,1.68,1.68,1.68,1.68,1.68,1.68,1.68,1.68,1.68,1.68,1.68,1.68,1.68,1.68,1.68
,1.68,1.68,1.68,1.68,1.68,1.68,1.68,1.68,1.68,1.68,1.68,1.68,1.68,1.68,1.68,1.68
,1.67,1.67,1.67,1.67,1.67,1.67,1.67,1.67,1.67,1.67,1.67,1.67,1.67,1.67,1.67,1.67
,1.66,1.66,1.66,1.66,1.66,1.66,1.66,1.66,1.66,1.66,1.66,1.66,1.66,1.66,1.66,1.66
,1.65,1.65,1.65,1.65,1.65,1.65,1.65,1.65,1.65,1.65,1.65,1.65,1.65,1.65,1.65,1.65
,1.64,1.64,1.64,1.64,1.64,1.64,1.64,1.64,1.64,1.64,1.64,1.64,1.64,1.64,1.64,1.64
,1.63,1.63,1.63,1.63,1.63,1.63,1.63,1.63,1.63,1.63,1.63,1.63,1.63,1.63,1.63,1.63
,1.62,1.62,1.62,1.62,1.62,1.62,1.62,1.62,1.62,1.62,1.62,1.62,1.62,1.62,1.62,1.62
,1.61,1.61,1.61,1.61,1.61,1.61,1.61,1.61,1.61,1.61,1.61,1.61,1.61,1.61,1.61,1.61
,1.60,1.60,1.60,1.60,1.60,1.60,1.60,1.60,1.60,1.60,1.60,1.60,1.60,1.60,1.60,1.60
,1.59,1.59,1.59,1.59,1.59,1.59,1.59,1.59,1.59,1.59,1.59,1.59,1.59,1.59,1.59,1.59
,1.57,1.57,1.57,1.57,1.57,1.57,1.57,1.57,1.57,1.57,1.57,1.57,1.57,1.57,1.57,1.57
,1.56,1.56,1.56,1.56,1.56,1.56,1.56,1.56,1.56,1.56,1.56,1.56,1.56,1.56,1.56,1.56
,1.55,1.55,1.55,1.55,1.55,1.55,1.55,1.55,1.55,1.55,1.55,1.55,1.55,1.55,1.55,1.55
,1.54,1.54,1.54,1.54,1.54,1.54,1.54,1.54,1.54,1.54,1.54,1.54,1.54,1.54,1.54,1.54
,1.53,1.53,1.53,1.53,1.53,1.53,1.53,1.53,1.53,1.53,1.53,1.53,1.53,1.53,1.53,1.53
,1.51,1.51,1.51,1.51,1.51,1.51,1.51,1.51,1.51,1.51,1.51,1.51,1.51,1.51,1.51,1.51
,1.50,1.50,1.50,1.50,1.50,1.50,1.50,1.50,1.50,1.50,1.50,1.50,1.50,1.50,1.50,1.50
,1.49,1.49,1.49,1.49,1.49,1.49,1.49,1.49,1.49,1.49,1.49,1.49,1.49,1.49,1.49,1.49
,1.48,1.48,1.48,1.48,1.48,1.48,1.48,1.48,1.48,1.48,1.48,1.48,1.48,1.48,1.48,1.48
,1.47,1.47,1.47,1.47,1.47,1.47,1.47,1.47,1.47,1.47,1.47,1.47,1.47,1.47,1.47,1.47
,1.46,1.46,1.46,1.46,1.46,1.46,1.46,1.46,1.46,1.46,1.46,1.46,1.46,1.46,1.46,1.46
,1.45,1.45,1.45,1.45,1.45,1.45,1.45,1.45,1.45,1.45,1.45,1.45,1.45,1.45,1.45,1.45
,1.44,1.44,1.44,1.44,1.44,1.44,1.44,1.44,1.44,1.44,1.44,1.44,1.44,1.44,1.44,1.44
,1.43,1.43,1.43,1.43,1.43,1.43,1.43,1.43,1.43,1.43,1.43,1.43,1.43,1.43,1.43,1.43
,1.43,1.43,1.43,1.43,1.43,1.43,1.43,1.43,1.43,1.43,1.43,1.43,1.43,1.43,1.43,1.43
,1.42,1.42,1.42,1.42,1.42,1.42,1.42,1.42,1.42,1.42,1.42,1.42,1.42,1.42,1.42,1.42
,1.41,1.41,1.41,1.41,1.41,1.41,1.41,1.41,1.41,1.41,1.41,1.41,1.41,1.41,1.41,1.41
,1.40,1.40,1.40,1.40,1.40,1.40,1.40,1.40,1.40,1.40,1.40,1.40,1.40,1.40,1.40,1.40
,1.40,1.40,1.40,1.40,1.40,1.40,1.40,1.40,1.40,1.40,1.40,1.40,1.40,1.40,1.40,1.40
,1.39,1.39,1.39,1.39,1.39,1.39,1.39,1.39,1.39,1.39,1.39,1.39,1.39,1.39,1.39,1.39
,1.39,1.39,1.39,1.39,1.39,1.39,1.39,1.39,1.39,1.39,1.39,1.39,1.39,1.39,1.39,1.39
,1.38,1.38,1.38,1.38,1.38,1.38,1.38,1.38,1.38,1.38,1.38,1.38,1.38,1.38,1.38,1.38
,1.37,1.37,1.37,1.37,1.37,1.37,1.37,1.37,1.37,1.37,1.37,1.37,1.37,1.37,1.37,1.37
,1.37,1.37,1.37,1.37,1.37,1.37,1.37,1.37,1.37,1.37,1.37,1.37,1.37,1.37,1.37,1.37
,1.36,1.36,1.36,1.36,1.36,1.36,1.36,1.36,1.36,1.36,1.36,1.36,1.36,1.36,1.36,1.36
,1.36,1.36,1.36,1.36,1.36,1.36,1.36,1.36,1.36,1.36,1.36,1.36,1.36,1.36,1.36,1.36
,1.35,1.35,1.35,1.35,1.35,1.35,1.35,1.35,1.35,1.35,1.35,1.35,1.35,1.35,1.35,1.35
,1.35,1.35,1.35,1.35,1.35,1.35,1.35,1.35,1.35,1.35,1.35,1.35,1.35,1.35,1.35,1.35
,1.35,1.35,1.35,1.35,1.35,1.35,1.35,1.35,1.35,1.35,1.35,1.35,1.35,1.35,1.35,1.35
,1.34,1.34,1.34,1.34,1.34,1.34,1.34,1.34,1.34,1.34,1.34,1.34,1.34,1.34,1.34,1.34
,1.34,1.34,1.34,1.34,1.34,1.34,1.34,1.34,1.34,1.34,1.34,1.34,1.34,1.34,1.34,1.34
,1.34,1.34,1.34,1.34,1.34,1.34,1.34,1.34,1.34,1.34,1.34,1.34,1.34,1.34,1.34,1.34
,1.33,1.33,1.33,1.33,1.33,1.33,1.33,1.33,1.33,1.33,1.33,1.33,1.33,1.33,1.33,1.33
,1.33,1.33,1.33,1.33,1.33,1.33,1.33,1.33,1.33,1.33,1.33,1.33,1.33,1.33,1.33,1.33
,1.33,1.33,1.33,1.33,1.33,1.33,1.33,1.33,1.33,1.33,1.33,1.33,1.33,1.33,1.33,1.33
,1.32,1.32,1.32,1.32,1.32,1.32,1.32,1.32,1.32,1.32,1.32,1.32,1.32,1.32,1.32,1.32
,1.32,1.32,1.32,1.32,1.32,1.32,1.32,1.32,1.32,1.32,1.32,1.32,1.32,1.32,1.32,1.32
,1.32,1.32,1.32,1.32,1.32,1.32,1.32,1.32,1.32,1.32,1.32,1.32,1.32,1.32,1.32,1.32
,1.31,1.31,1.31,1.31,1.31,1.31,1.31,1.31,1.31,1.31,1.31,1.31,1.31,1.31,1.31,1.31
,1.31,1.31,1.31,1.31,1.31,1.31,1.31,1.31,1.31,1.31,1.31,1.31,1.31,1.31,1.31,1.31
,1.31,1.31,1.31,1.31,1.31,1.31,1.31,1.31,1.31,1.31,1.31,1.31,1.31,1.31,1.31,1.31
,1.31,1.31,1.31,1.31,1.31,1.31,1.31,1.31,1.31,1.31,1.31,1.31,1.31,1.31,1.31,1.31
,1.31,1.31,1.31,1.31,1.31,1.31,1.31,1.31,1.31,1.31,1.31,1.31,1.31,1.31,1.31,1.31
,1.30,1.30,1.30,1.30,1.30,1.30,1.30,1.30,1.30,1.30,1.30,1.30,1.30,1.30,1.30,1.30
,1.30,1.30,1.30,1.30,1.30,1.30,1.30,1.30,1.30,1.30,1.30,1.30,1.30,1.30,1.30,1.30
,1.30,1.30,1.30,1.30,1.30,1.30,1.30,1.30,1.30,1.30,1.30,1.30,1.30,1.30,1.30,1.30
,1.30,1.30,1.30,1.30,1.30,1.30,1.30,1.30,1.30,1.30,1.30,1.30,1.30,1.30,1.30,1.30
,1.30,1.30,1.30,1.30,1.30,1.30,1.30,1.30,1.30,1.30,1.30,1.30,1.30,1.30,1.30,1.30
,1.29,1.29,1.29,1.29,1.29,1.29,1.29,1.29,1.29,1.29,1.29,1.29,1.29,1.29,1.29,1.29
,1.29,1.29,1.29,1.29,1.29,1.29,1.29,1.29,1.29,1.29,1.29,1.29,1.29,1.29,1.29,1.29
,1.29,1.29,1.29,1.29,1.29,1.29,1.29,1.29,1.29,1.29,1.29,1.29,1.29,1.29,1.29,1.29
,1.29,1.29,1.29,1.29,1.29,1.29,1.29,1.29,1.29,1.29,1.29,1.29,1.29,1.29,1.29,1.29
,1.29,1.29,1.29,1.29,1.29,1.29,1.29,1.29,1.29,1.29,1.29,1.29,1.29,1.29,1.29,1.29
,1.29,1.29,1.29,1.29,1.29,1.29,1.29,1.29,1.29,1.29,1.29,1.29,1.29,1.29,1.29,1.29
,1.29,1.29,1.29,1.29,1.29,1.29,1.29,1.29,1.29,1.29,1.29,1.29,1.29,1.29,1.29,1.29
,1.28,1.28,1.28,1.28,1.28,1.28,1.28,1.28,1.28,1.28,1.28,1.28,1.28,1.28,1.28,1.28
,1.28,1.28,1.28,1.28,1.28,1.28,1.28,1.28,1.28,1.28,1.28,1.28,1.28,1.28,1.28,1.28
,1.28,1.28,1.28,1.28,1.28,1.28,1.28,1.28,1.28,1.28,1.28,1.28,1.28,1.28,1.28,1.28
,1.28,1.28,1.28,1.28,1.28,1.28,1.28,1.28,1.28,1.28,1.28,1.28,1.28,1.28,1.28,1.28
,1.28,1.28,1.28,1.28,1.28,1.28,1.28,1.28,1.28,1.28,1.28,1.28,1.28,1.28,1.28,1.28
,1.28,1.28,1.28,1.28,1.28,1.28,1.28,1.28,1.28,1.28,1.28,1.28,1.28,1.28,1.28,1.28
,1.28,1.28,1.28,1.28,1.28,1.28,1.28,1.28,1.28,1.28,1.28,1.28,1.28,1.28,1.28,1.28
,1.28,1.28,1.28,1.28,1.28,1.28,1.28,1.28,1.28,1.28,1.28,1.28,1.28,1.28,1.28,1.28
,1.28,1.28,1.28,1.28,1.28,1.28,1.28,1.28,1.28,1.28,1.28,1.28,1.28,1.28,1.28,1.28
,1.28,1.28,1.28,1.28,1.28,1.28,1.28,1.28,1.28,1.28,1.28,1.28,1.28,1.28,1.28,1.28
,1.27,1.27,1.27,1.27,1.27,1.27,1.27,1.27,1.27,1.27,1.27,1.27,1.27,1.27,1.27,1.27
,1.27,1.27,1.27,1.27,1.27,1.27,1.27,1.27,1.27,1.27,1.27,1.27,1.27,1.27,1.27,1.27
,1.27,1.27,1.27,1.27,1.27,1.27,1.27,1.27,1.27,1.27,1.27,1.27,1.27,1.27,1.27,1.27
,1.27,1.27,1.27,1.27,1.27,1.27,1.27,1.27,1.27,1.27,1.27,1.27,1.27,1.27,1.27,1.27
,1.27,1.27,1.27,1.27,1.27,1.27,1.27,1.27,1.27,1.27,1.27,1.27,1.27,1.27,1.27,1.27
,1.27,1.27,1.27,1.27,1.27,1.27,1.27,1.27,1.27,1.27,1.27,1.27,1.27,1.27,1.27,1.27
,1.27,1.27,1.27,1.27,1.27,1.27,1.27,1.27,1.27,1.27,1.27,1.27,1.27,1.27,1.27,1.27
,1.27,1.27,1.27,1.27,1.27,1.27,1.27,1.27,1.27,1.27,1.27,1.27,1.27,1.27,1.27,1.27
,1.27,1.27,1.27,1.27,1.27,1.27,1.27,1.27,1.27,1.27,1.27,1.27,1.27,1.27,1.27,1.27
,1.27,1.27,1.27,1.27,1.27,1.27,1.27,1.27,1.27,1.27,1.27,1.27,1.27,1.27,1.27,1.27
,1.27,1.27,1.27,1.27,1.27,1.27,1.27,1.27,1.27,1.27,1.27,1.27,1.27,1.27,1.27,1.27
,1.27,1.27,1.27,1.27,1.27,1.27,1.27,1.27,1.27,1.27,1.27,1.27,1.27,1.27,1.27,1.27
,1.26,1.26,1.26,1.26,1.26,1.26,1.26,1.26,1.26,1.26,1.26,1.26,1.26,1.26,1.26,1.26
,1.26,1.26,1.26,1.26,1.26,1.26,1.26,1.26,1.26,1.26,1.26,1.26,1.26,1.26,1.26,1.26
,1.26,1.26,1.26,1.26,1.26,1.26,1.26,1.26,1.26,1.26,1.26,1.26,1.26,1.26,1.26,1.26
,1.26,1.26,1.26,1.26,1.26,1.26,1.26,1.26,1.26,1.26,1.26,1.26,1.26,1.26,1.26,1.26
,1.26,1.26,1.26,1.26,1.26,1.26,1.26,1.26,1.26,1.26,1.26,1.26,1.26,1.26,1.26,1.26
,1.26,1.26,1.26,1.26,1.26,1.26,1.26,1.26,1.26,1.26,1.26,1.26,1.26,1.26,1.26,1.26
,1.26,1.26,1.26,1.26,1.26,1.26,1.26,1.26,1.26,1.26,1.26,1.26,1.26,1.26,1.26,1.26
,1.26,1.26,1.26,1.26,1.26,1.26,1.26,1.26,1.26,1.26,1.26,1.26,1.26,1.26,1.26,1.26
,1.26,1.26,1.26,1.26,1.26,1.26,1.26,1.26,1.26,1.26,1.26,1.26,1.26,1.26,1.26,1.26
,1.26,1.26,1.26,1.26,1.26,1.26,1.26,1.26,1.26,1.26,1.26,1.26,1.26,1.26,1.26,1.26
,1.26,1.26,1.26,1.26,1.26,1.26,1.26,1.26,1.26,1.26,1.26,1.26,1.26,1.26,1.26,1.26
,1.26,1.26,1.26,1.26,1.26,1.26,1.26,1.26,1.26,1.26,1.26,1.26,1.26,1.26,1.26,1.26
,1.26,1.26,1.26,1.26,1.26,1.26,1.26,1.26,1.26,1.26,1.26,1.26,1.26,1.26,1.26,1.26
,1.26,1.26,1.26,1.26,1.26,1.26,1.26,1.26,1.26,1.26,1.26,1.26,1.26,1.26,1.26,1.26
,1.26,1.26,1.26,1.26,1.26,1.26,1.26,1.26,1.26,1.26,1.26,1.26,1.26,1.26,1.26,1.26
,1.26,1.26,1.26,1.26,1.26,1.26,1.26,1.26,1.26,1.26,1.26,1.26,1.26,1.26,1.26,1.26
,1.26,1.26,1.26,1.26,1.26,1.26,1.26,1.26,1.26,1.26,1.26,1.26,1.26,1.26,1.26,1.26
,1.26,1.26,1.26,1.26,1.26,1.26,1.26,1.26,1.26,1.26,1.26,1.26,1.26,1.26,1.26,1.26
,1.26,1.26,1.26,1.26,1.26,1.26,1.26,1.26,1.26,1.26,1.26,1.26,1.26,1.26,1.26,1.26
,1.25,1.25,1.25,1.25,1.25,1.25,1.25,1.25,1.25,1.25,1.25,1.25,1.25,1.25,1.25,1.25
,1.25,1.25,1.25,1.25,1.25,1.25,1.25,1.25,1.25,1.25,1.25,1.25,1.25,1.25,1.25,1.25
,1.25,1.25,1.25,1.25,1.25,1.25,1.25,1.25,1.25,1.25,1.25,1.25,1.25,1.25,1.25,1.25
,1.25,1.25,1.25,1.25,1.25,1.25,1.25,1.25,1.25,1.25,1.25,1.25,1.25,1.25,1.25,1.25
,1.25,1.25,1.25,1.25,1.25,1.25,1.25,1.25,1.25,1.25,1.25,1.25,1.25,1.25,1.25,1.25
,1.25,1.25,1.25,1.25,1.25,1.25,1.25,1.25,1.25,1.25,1.25,1.25,1.25,1.25,1.25,1.25
,1.25,1.25,1.25,1.25,1.25,1.25,1.25,1.25,1.25,1.25,1.25,1.25,1.25,1.25,1.25,1.25
,1.25,1.25,1.25,1.25,1.25,1.25,1.25,1.25,1.25,1.25,1.25,1.25,1.25,1.25,1.25,1.25
,1.25,1.25,1.25,1.25,1.25,1.25,1.25,1.25,1.25,1.25,1.25,1.25,1.25,1.25,1.25,1.25
,1.25,1.25,1.25,1.25,1.25,1.25,1.25,1.25,1.25,1.25,1.25,1.25,1.25,1.25,1.25,1.25
,1.25,1.25,1.25,1.25,1.25,1.25,1.25,1.25,1.25,1.25,1.25,1.25,1.25,1.25,1.25,1.25
,1.25,1.25,1.25,1.25,1.25,1.25,1.25,1.25,1.25,1.25,1.25,1.25,1.25,1.25,1.25,1.25
,1.25,1.25,1.25,1.25,1.25,1.25,1.25,1.25,1.25,1.25,1.25,1.25,1.25,1.25,1.25,1.25
,1.25,1.25,1.25,1.25,1.25,1.25,1.25,1.25,1.25,1.25,1.25,1.25,1.25,1.25,1.25,1.25
,1.25,1.25,1.25,1.25,1.25,1.25,1.25,1.25,1.25,1.25,1.25,1.25,1.25,1.25,1.25,1.25
,1.25,1.25,1.25,1.25,1.25,1.25,1.25,1.25,1.25,1.25,1.25,1.25,1.25,1.25,1.25,1.25
,1.25,1.25,1.25,1.25,1.25,1.25,1.25,1.25,1.25,1.25,1.25,1.25,1.25,1.25,1.25,1.25
,1.25,1.25,1.25,1.25,1.25,1.25,1.25,1.25,1.25,1.25,1.25,1.25,1.25,1.25,1.25,1.25
,1.25,1.25,1.25,1.25,1.25,1.25,1.25,1.25,1.25,1.25,1.25,1.25,1.25,1.25,1.25,1.25
,1.25,1.25,1.25,1.25,1.25,1.25,1.25,1.25,1.25,1.25,1.25,1.25,1.25,1.25,1.25,1.25
,1.25,1.25,1.25,1.25,1.25,1.25,1.25,1.25,1.25,1.25,1.25,1.25,1.25,1.25,1.25,1.25
,1.25,1.25,1.25,1.25,1.25,1.25,1.25,1.25,1.25,1.25,1.25,1.25,1.25,1.25,1.25,1.25
,1.25,1.25,1.25,1.25,1.25,1.25,1.25,1.25,1.25,1.25,1.25,1.25,1.25,1.25,1.25,1.25
,1.25,1.25,1.25,1.25,1.25,1.25,1.25,1.25,1.25,1.25,1.25,1.25,1.25,1.25,1.25,1.25
,1.25,1.25,1.25,1.25,1.25,1.25,1.25,1.25,1.25,1.25,1.25,1.25,1.25,1.25,1.25,1.25
,1.25,1.25,1.25,1.25,1.25,1.25,1.25,1.25,1.25,1.25,1.25,1.25,1.25,1.25,1.25,1.25
,1.25,1.25,1.25,1.25,1.25,1.25,1.25,1.25,1.25,1.25,1.25,1.25,1.25,1.25,1.25,1.25
,1.25,1.25,1.25,1.25,1.25,1.25,1.25,1.25,1.25,1.25,1.25,1.25,1.25,1.25,1.25,1.25
,1.25,1.25,1.25,1.25,1.25,1.25,1.25,1.25,1.25,1.25,1.25,1.25,1.25,1.25,1.25,1.25
,1.25,1.25,1.25,1.25,1.25,1.25,1.25,1.25,1.25,1.25,1.25,1.25,1.25,1.25,1.25,1.25
,1.25,1.25,1.25,1.25,1.25,1.25,1.25,1.25,1.25,1.25,1.25,1.25,1.25,1.25,1.25,1.25
,1.25,1.25,1.25,1.25,1.25,1.25,1.25,1.25,1.25,1.25,1.25,1.25,1.25,1.25,1.25,1.25
,1.24,1.24,1.24,1.24,1.24,1.24,1.24,1.24,1.24,1.24,1.24,1.24,1.24,1.24,1.24,1.24
,1.24,1.24,1.24,1.24,1.24,1.24,1.24,1.24,1.24,1.24,1.24,1.24,1.24,1.24,1.24,1.24
,1.24,1.24,1.24,1.24,1.24,1.24,1.24,1.24,1.24,1.24,1.24,1.24,1.24,1.24,1.24,1.24
,1.24,1.24,1.24,1.24,1.24,1.24,1.24,1.24,1.24,1.24,1.24,1.24,1.24,1.24,1.24,1.24
,1.24,1.24,1.24,1.24,1.24,1.24,1.24,1.24,1.24,1.24,1.24,1.24,1.24,1.24,1.24,1.24
,1.24,1.24,1.24,1.24,1.24,1.24,1.24,1.24,1.24,1.24,1.24,1.24,1.24,1.24,1.24,1.24
,1.24,1.24,1.24,1.24,1.24,1.24,1.24,1.24,1.24,1.24,1.24,1.24,1.24,1.24,1.24,1.24
,1.24,1.24,1.24,1.24,1.24,1.24,1.24,1.24,1.24,1.24,1.24,1.24,1.24,1.24,1.24,1.24
,1.24,1.24,1.24,1.24,1.24,1.24,1.24,1.24,1.24,1.24,1.24,1.24,1.24,1.24,1.24,1.24
,1.24,1.24,1.24,1.24,1.24,1.24,1.24,1.24,1.24,1.24,1.24,1.24,1.24,1.24,1.24,1.24
,1.24,1.24,1.24,1.24,1.24,1.24,1.24,1.24,1.24,1.24,1.24,1.24,1.24,1.24,1.24,1.24
,1.24,1.24,1.24,1.24,1.24,1.24,1.24,1.24,1.24,1.24,1.24,1.24,1.24,1.24,1.24,1.24
,1.24,1.24,1.24,1.24,1.24,1.24,1.24,1.24,1.24,1.24,1.24,1.24,1.24,1.24,1.24,1.24
,1.24,1.24,1.24,1.24,1.24,1.24,1.24,1.24,1.24,1.24,1.24,1.24,1.24,1.24,1.24,1.24
,1.24,1.24,1.24,1.24,1.24,1.24,1.24,1.24,1.24,1.24,1.24,1.24,1.24,1.24,1.24,1.24
,1.24,1.24,1.24,1.24,1.24,1.24,1.24,1.24,1.24,1.24,1.24,1.24,1.24,1.24,1.24,1.24
,1.24,1.24,1.24,1.24,1.24,1.24,1.24,1.24,1.24,1.24,1.24,1.24,1.24,1.24,1.24,1.24
,1.24,1.24,1.24,1.24,1.24,1.24,1.24,1.24,1.24,1.24,1.24,1.24,1.24,1.24,1.24,1.24
,1.24,1.24,1.24,1.24,1.24,1.24,1.24,1.24,1.24,1.24,1.24,1.24,1.24,1.24,1.24,1.24
,1.24,1.24,1.24,1.24,1.24,1.24,1.24,1.24,1.24,1.24,1.24,1.24,1.24,1.24,1.24,1.24
,1.24,1.24,1.24,1.24,1.24,1.24,1.24,1.24,1.24,1.24,1.24,1.24,1.24,1.24,1.24,1.24
,1.24,1.24,1.24,1.24,1.24,1.24,1.24,1.24,1.24,1.24,1.24,1.24,1.24,1.24,1.24,1.24
,1.24,1.24,1.24,1.24,1.24,1.24,1.24,1.24,1.24,1.24,1.24,1.24,1.24,1.24,1.24,1.24
,1.24,1.24,1.24,1.24,1.24,1.24,1.24,1.24,1.24,1.24,1.24,1.24,1.24,1.24,1.24,1.24
,1.24,1.24,1.24,1.24,1.24,1.24,1.24,1.24,1.24,1.24,1.24,1.24,1.24,1.24,1.24,1.24
,1.24,1.24,1.24,1.24,1.24,1.24,1.24,1.24,1.24,1.24,1.24,1.24,1.24,1.24,1.24,1.24
,1.24,1.24,1.24,1.24,1.24,1.24,1.24,1.24,1.24,1.24,1.24,1.24,1.24,1.24,1.24,1.24
,1.24,1.24,1.24,1.24,1.24,1.24,1.24,1.24,1.24,1.24,1.24,1.24,1.24,1.24,1.24,1.24
,1.24,1.24,1.24,1.24,1.24,1.24,1.24,1.24,1.24,1.24,1.24,1.24,1.24,1.24,1.24,1.24
,1.24,1.24,1.24,1.24,1.24,1.24,1.24,1.24,1.24,1.24,1.24,1.24,1.24,1.24,1.24,1.24
,1.24,1.24,1.24,1.24,1.24,1.24,1.24,1.24,1.24,1.24,1.24,1.24,1.24,1.24,1.24,1.24
,1.24,1.24,1.24,1.24,1.24,1.24,1.24,1.24,1.24,1.24,1.24,1.24,1.24,1.24,1.24,1.24
,1.24,1.24,1.24,1.24,1.24,1.24,1.24,1.24,1.24,1.24,1.24,1.24,1.24,1.24,1.24,1.24
,1.24,1.24,1.24,1.24,1.24,1.24,1.24,1.24,1.24,1.24,1.24,1.24,1.24,1.24,1.24,1.24
,1.24,1.24,1.24,1.24,1.24,1.24,1.24,1.24,1.24,1.24,1.24,1.24,1.24,1.24,1.24,1.24
,1.24,1.24,1.24,1.24,1.24,1.24,1.24,1.24,1.24,1.24,1.24,1.24,1.24,1.24,1.24,1.24
,1.24,1.24,1.24,1.24,1.24,1.24,1.24,1.24,1.24,1.24,1.24,1.24,1.24,1.24,1.24,1.24
,1.24,1.24,1.24,1.24,1.24,1.24,1.24,1.24,1.24,1.24,1.24,1.24,1.24,1.24,1.24,1.24
,1.24,1.24,1.24,1.24,1.24,1.24,1.24,1.24,1.24,1.24,1.24,1.24,1.24,1.24,1.24,1.24
,1.24,1.24,1.24,1.24,1.24,1.24,1.24,1.24,1.24,1.24,1.24,1.24,1.24,1.24,1.24,1.24
,1.24,1.24,1.24,1.24,1.24,1.24,1.24,1.24,1.24,1.24,1.24,1.24,1.24,1.24,1.24,1.24
,1.24,1.24,1.24,1.24,1.24,1.24,1.24,1.24,1.24,1.24,1.24,1.24,1.24,1.24,1.24,1.24
,1.24,1.24,1.24,1.24,1.24,1.24,1.24,1.24,1.24,1.24,1.24,1.24,1.24,1.24,1.24,1.24
,1.24,1.24,1.24,1.24,1.24,1.24,1.24,1.24,1.24,1.24,1.24,1.24,1.24,1.24,1.24,1.24
,1.24,1.24,1.24,1.24,1.24,1.24,1.24,1.24,1.24,1.24,1.24,1.24,1.24,1.24,1.24,1.24
,1.24,1.24,1.24,1.24,1.24,1.24,1.24,1.24,1.24,1.24,1.24,1.24,1.24,1.24,1.24,1.24
,1.24,1.24,1.24,1.24,1.24,1.24,1.24,1.24,1.24,1.24,1.24,1.24,1.24,1.24,1.24,1.24
,1.24,1.24,1.24,1.24,1.24,1.24,1.24,1.24,1.24,1.24,1.24,1.24,1.24,1.24,1.24,1.24
,1.24,1.24,1.24,1.24,1.24,1.24,1.24,1.24,1.24,1.24,1.24,1.24,1.24,1.24,1.24,1.24
,1.24,1.24,1.24,1.24,1.24,1.24,1.24,1.24,1.24,1.24,1.24,1.24,1.24,1.24,1.24,1.24
,1.24,1.24,1.24,1.24,1.24,1.24,1.24,1.24,1.24,1.24,1.24,1.24,1.24,1.24,1.24,1.24
,1.24,1.24,1.24,1.24,1.24,1.24,1.24,1.24,1.24,1.24,1.24,1.24,1.24,1.24,1.24,1.24
,1.24,1.24,1.24,1.24,1.24,1.24,1.24,1.24,1.24,1.24,1.24,1.24,1.24,1.24,1.24,1.24
,1.24,1.24,1.24,1.24,1.24,1.24,1.24,1.24,1.24,1.24,1.24,1.24,1.24,1.24,1.24,1.24
,1.24,1.24,1.24,1.24,1.24,1.24,1.24,1.24,1.24,1.24,1.24,1.24,1.24,1.24,1.24,1.24
,1.24,1.24,1.24,1.24,1.24,1.24,1.24,1.24,1.24,1.24,1.24,1.24,1.24,1.24,1.24,1.24
,1.24,1.24,1.24,1.24,1.24,1.24,1.24,1.24,1.24,1.24,1.24,1.24,1.24,1.24,1.24,1.24
,1.24,1.24,1.24,1.24,1.24,1.24,1.24,1.24,1.24,1.24,1.24,1.24,1.24,1.24,1.24,1.24
,1.24,1.24,1.24,1.24,1.24,1.24,1.24,1.24,1.24,1.24,1.24,1.24,1.24,1.24,1.24,1.24
,1.24,1.24,1.24,1.24,1.24,1.24,1.24,1.24,1.24,1.24,1.24,1.24,1.24,1.24,1.24,1.24
,1.24,1.24,1.24,1.24,1.24,1.24,1.24,1.24,1.24,1.24,1.24,1.24,1.24,1.24,1.24,1.24
,1.24,1.24,1.24,1.24,1.24,1.24,1.24,1.24,1.24,1.24,1.24,1.24,1.24,1.24,1.24,1.24
,1.24,1.24,1.24,1.24,1.24,1.24,1.24,1.24,1.24,1.24,1.24,1.24,1.24,1.24,1.24,1.24
,1.24,1.24,1.24,1.24,1.24,1.24,1.24,1.24,1.24,1.24,1.24,1.24,1.24,1.24,1.24,1.24
,1.24,1.24,1.24,1.24,1.24,1.24,1.24,1.24,1.24,1.24,1.24,1.24,1.24,1.24,1.24,1.24
,1.24,1.24,1.24,1.24,1.24,1.24,1.24,1.24,1.24,1.24,1.24,1.24,1.24,1.24,1.24,1.24
,1.24,1.24,1.24,1.24,1.24,1.24,1.24,1.24,1.24,1.24,1.24,1.24,1.24,1.24,1.24,1.24
,1.24,1.24,1.24,1.24,1.24,1.24,1.24,1.24,1.24,1.24,1.24,1.24,1.24,1.24,1.24,1.24
,1.24,1.24,1.24,1.24,1.24,1.24,1.24,1.24,1.24,1.24,1.24,1.24,1.24,1.24,1.24,1.24
,1.24,1.24,1.24,1.24,1.24,1.24,1.24,1.24,1.24,1.24,1.24,1.24,1.24,1.24,1.24,1.24
,1.24,1.24,1.24,1.24,1.24,1.24,1.24,1.24,1.24,1.24,1.24,1.24,1.24,1.24,1.24,1.24
,1.24,1.24,1.24,1.24,1.24,1.24,1.24,1.24,1.24,1.24,1.24,1.24,1.24,1.24,1.24,1.24
,1.24,1.24,1.24,1.24,1.24,1.24,1.24,1.24,1.24,1.24,1.24,1.24,1.24,1.24,1.24,1.24
,1.24,1.24,1.24,1.24,1.24,1.24,1.24,1.24,1.24,1.24,1.24,1.24,1.24,1.24,1.24,1.24
,1.24,1.24,1.24,1.24,1.24,1.24,1.24,1.24,1.24,1.24,1.24,1.24,1.24,1.24,1.24,1.24
,1.24,1.24,1.24,1.24,1.24,1.24,1.24,1.24,1.24,1.24,1.24,1.24,1.24,1.24,1.24,1.24
,1.24,1.24,1.24,1.24,1.24,1.24,1.24,1.24,1.24,1.24,1.24,1.24,1.24,1.24,1.24,1.24
,1.24,1.24,1.24,1.24,1.24,1.24,1.24,1.24,1.24,1.24,1.24,1.24,1.24,1.24,1.24,1.24
,1.24,1.24,1.24,1.24,1.24,1.24,1.24,1.24,1.24,1.24,1.24,1.24,1.24,1.24,1.24,1.24
,1.24,1.24,1.24,1.24,1.24,1.24,1.24,1.24,1.24,1.24,1.24,1.24,1.24,1.24,1.24,1.24
,1.24,1.24,1.24,1.24,1.24,1.24,1.24,1.24,1.24,1.24,1.24,1.24,1.24,1.24,1.24,1.24
,1.24,1.24,1.24,1.24,1.24,1.24,1.24,1.24,1.24,1.24,1.24,1.24,1.24,1.24,1.24,1.24
,1.24,1.24,1.24,1.24,1.24,1.24,1.24,1.24,1.24,1.24,1.24,1.24,1.24,1.24,1.24,1.24
,1.24,1.24,1.24,1.24,1.24,1.24,1.24,1.24,1.24,1.24,1.24,1.24,1.24,1.24,1.24,1.24
,1.24,1.24,1.24,1.24,1.24,1.24,1.24,1.24,1.24,1.24,1.24,1.24,1.24,1.24,1.24,1.24
,1.24,1.24,1.24,1.24,1.24,1.24,1.24,1.24,1.24,1.24,1.24,1.24,1.24,1.24,1.24,1.24
,1.24,1.24,1.24,1.24,1.24,1.24,1.24,1.24,1.24,1.24,1.24,1.24,1.24,1.24,1.24,1.24
,1.24,1.24,1.24,1.24,1.24,1.24,1.24,1.24,1.24,1.24,1.24,1.24,1.24,1.24,1.24,1.24
,1.24,1.24,1.24,1.24,1.24,1.24,1.24,1.24,1.24,1.24,1.24,1.24,1.24,1.24,1.24,1.24
,1.24,1.24,1.24,1.24,1.24,1.24,1.24,1.24,1.24,1.24,1.24,1.24,1.24,1.24,1.24,1.24
